,ticker,ano,open,low,high,close,id,lpa,vpa,dividendos,roe,roic,ebit_dl
0,CMIG4,2010,4.1315958,3.293745,4.1641383,3.812991,CMIG42010,,,0.2890489728113066,,,
1,CMIG4,2011,3.8325448,3.6565605999999997,5.0187444999999995,4.9768593,CMIG42011,3.4840690782002155,19.224732750598974,0.3177555069197475,0.18122847913668208,0.12916747695742736,0.41740262115401405
2,CMIG4,2012,5.0037855,4.3829754,7.7035847,4.9787854000000005,CMIG42012,3.37973271721857,16.225675097196405,1.057578309040708,0.20829535270323182,0.12981538136948134,0.4196934986178015
3,CMIG4,2013,5.05126,4.6866908,6.1580154,5.0611848,CMIG42013,3.4717303680684313,10.484179905023824,0.6976824538365453,0.3311399078915884,0.1337847843856843,0.8456792115582636
4,CMIG4,2014,4.9591164,4.5473232,7.8141404,5.8041236000000005,CMIG42014,2.2659301167263246,10.250026611759061,1.1619129854794519,0.22106577890508095,0.13414796870453938,0.46520783886833855
5,CMIG4,2015,5.543736,2.6307987,6.9692327999999995,2.7131466,CMIG42015,2.623122679414891,11.361909596279755,0.23013132286133772,0.2309140647433249,0.1644057269601641,0.5183531034421192
6,CMIG4,2016,2.6119104,1.9063439999999998,4.6008559,3.6348588,CMIG42016,0.7336790478868674,11.324604676361291,0.23282997587029833,0.06481469270802352,0.06222649617743708,0.1594249245700143
7,CMIG4,2017,3.663036,3.0649892000000003,5.6542248,3.2696391,CMIG42017,0.07190815050657667,10.555103023254706,0.057965047884279454,0.00685644469902516,0.04379056966478393,0.09471943879466152
8,CMIG4,2018,3.3267507000000003,3.1411379999999998,7.0432362,7.0432362,CMIG42018,0.8924992047997192,10.26415113741061,0.2906899334603175,0.08700166721755262,0.08986789763830401,0.25934244986065025
9,CMIG4,2019,7.419282,6.6507868000000006,8.2557874,7.3426588,CMIG42019,2.489958539902602,11.798876711051639,0.3112447753620014,0.21345183069475968,0.027161735256841738,0.2050303632322522
10,CMIG4,2020,7.3426588,4.374912699999999,8.5752521,8.2720516,CMIG42020,1.336155606708666,11.39240705526643,0.24391064077409344,0.11733774832982617,0.1048175308065358,0.3619958349023759
11,CMIG4,2021,8.421199999999999,6.702819999999999,9.926181,8.7019632,CMIG42021,2.39841392448868,11.968707813214186,0.38842722468628527,0.20825154540392665,0.17874698974730324,0.8417567625022786
12,CMIG4,2022,8.800999200000001,8.1077472,11.675852500000001,10.2638144,CMIG42022,1.6574116766324258,9.57549045572055,0.7639840502034559,0.17316600192787138,0.1426047006241556,0.6924103260527795
13,CMIG4,2023,10.1454208,9.5534528,12.9460466,11.411349600000001,CMIG42023,1.8577068563181762,11.09943212661564,1.1870504563031705,0.2163980078880352,0.17703374083145643,0.9595033511626964
14,CMIG4,2024,11.43123,11.311947600000002,13.34,13.23,CMIG42024,2.618492294120346,11.199926318644154,1.18572389065,0.23389940610077561,0.17820976147883746,0.9614944794821585
15,CMIG3,2010,3.47459,2.7561036,3.5284816,3.2542854,CMIG32010,,,0.3211990537860241,,,
16,CMIG3,2011,3.2682723,3.1781344999999996,4.622436,4.622436,CMIG32011,3.4840690782002155,19.224732750598974,0.3592492519846154,0.18122847913668208,0.12916747695742736,0.41740262115401405
17,CMIG3,2012,4.622436,4.5411624,7.533504,5.5971191,CMIG32012,3.37973271721857,16.225675097196405,1.2102020162557081,0.20829535270323182,0.12981538136948134,0.4196934986178015
18,CMIG3,2013,5.6549249999999995,5.303063000000001,7.2143999999999995,5.942431,CMIG32013,3.4717303680684313,10.484179905023824,0.7986503776760563,0.3311399078915884,0.1337847843856843,0.8456792115582636
19,CMIG3,2014,5.7932654999999995,5.281265,9.343152,7.108221899999999,CMIG32014,2.2659301167263246,10.250026611759061,1.3288144277934784,0.22106577890508095,0.13414796870453938,0.46520783886833855
20,CMIG3,2015,6.7862132,3.1644162,8.0647974,3.2933736,CMIG32015,2.623122679414891,11.361909596279755,0.2626995854829192,0.2309140647433249,0.1644057269601641,0.5183531034421192
21,CMIG3,2016,3.1779249999999997,2.3007375,5.2846063999999995,4.3011892,CMIG32016,0.7336790478868674,11.324604676361291,0.26556505948730963,0.06481469270802352,0.06222649617743708,0.1594249245700143
22,CMIG3,2017,4.3333276,3.3423936000000003,7.873908,3.5030856,CMIG32017,0.07190815050657667,10.555103023254706,0.0,0.00685644469902516,0.04379056966478393,0.09471943879466152
23,CMIG3,2018,3.5780752,3.2697024000000003,8.117101799999999,8.117101799999999,CMIG32018,0.8924992047997192,10.26415113741061,0.05541907374451094,0.08700166721755262,0.08986789763830401,0.25934244986065025
24,CMIG3,2019,8.500544399999999,7.8808662,10.7461319,8.7053001,CMIG32019,2.489958539902602,11.798876711051639,0.32848497973787044,0.21345183069475968,0.027161735256841738,0.2050303632322522
25,CMIG3,2020,8.7443874,4.634637000000001,10.028684400000001,9.935223200000001,CMIG32020,1.336155606708666,11.39240705526643,0.25711432521502436,0.11733774832982617,0.1048175308065358,0.3619958349023759
26,CMIG3,2021,9.937360400000001,8.3840856,12.932569799999998,12.7864412,CMIG32021,2.39841392448868,11.968707813214186,0.40577410914511874,0.20825154540392665,0.17874698974730324,0.8417567625022786
27,CMIG3,2022,13.165963199999998,11.6892776,18.4009806,15.315608300000001,CMIG32022,1.6574116766324258,9.57549045572055,0.7845043898434736,0.17316600192787138,0.1426047006241556,0.6924103260527795
28,CMIG3,2023,15.1097785,14.2490357,20.129189,15.1417692,CMIG32023,1.8577068563181762,11.09943212661564,1.1880179289703898,0.2163980078880352,0.17703374083145643,0.9595033511626964
29,CMIG3,2024,15.0820776,13.370918399999999,15.6789936,15.38,CMIG32024,2.618492294120346,11.199926318644154,1.18572389065,0.23389940610077561,0.17820976147883746,0.9614944794821585
30,TAEE11,2012,6.647595,6.343125,7.559990099999999,6.783782399999999,TAEE112012,1.5739029721421542,12.298587223765526,0.6502478875376145,0.1279742903396886,0.09154129698209935,0.5217889913716156
31,TAEE11,2013,6.939302399999999,6.3429912,7.75404,6.3601902,TAEE112013,2.529377443766165,13.321074952322068,0.7580886240406595,0.18987787793546312,0.1348456352253286,0.30827462293801927
32,TAEE11,2014,6.3223524,5.985252,8.78424,7.6309548,TAEE112014,2.4109329780347695,13.370125892963404,1.1678854885071654,0.18032238419711702,0.1439221766693774,0.3765844766186989
33,TAEE11,2015,7.579233,7.268270800000001,9.4310876,7.4495625,TAEE112015,2.371803691737857,12.36949889549752,0.9773365831697015,0.19174614200428042,0.15385135306188477,0.3749740554619901
34,TAEE11,2016,7.409535,6.9158625,12.6005454,10.5323775,TAEE112016,2.8633580939277037,12.518944902597685,1.366366263624648,0.2287219982359341,0.17995744517162598,0.4625431570265556
35,TAEE11,2017,10.81021,10.739489,12.8695024,11.6162156,TAEE112017,1.6091309408735586,12.352868948821332,0.9615157140378351,0.13026374257998552,0.10375994248298803,0.24725199367463277
36,TAEE11,2018,11.719640200000002,10.6762244,14.779007599999998,14.661349999999999,TAEE112018,2.966063762158961,13.103898705076066,1.7207734472730378,0.22634971689837582,0.15083872247218408,0.39229084113819956
37,TAEE11,2019,14.982356399999999,14.982356399999999,20.5527504,20.5527504,TAEE112019,3.174403989561653,14.5054992902737,1.2449039653578704,0.21893286746592544,0.13522178182871966,0.3083735609551977
38,TAEE11,2020,20.6449152,16.8464088,24.9794286,24.5610288,TAEE112020,4.677572358700606,16.744228575409508,2.3429942358811884,0.27935413296997247,0.1587977008409859,0.4717560430753529
39,TAEE11,2021,24.590216,22.386582399999998,32.1487493,29.710989599999998,TAEE112021,7.375127358860258,20.10406125997463,3.6715641717051968,0.3668476365789568,0.23840406762983174,0.6396355646061814
40,TAEE11,2022,29.971898399999997,29.482694399999996,37.9379232,31.908807200000002,TAEE112022,5.368599038023333,20.176923590489377,4.417726396525599,0.2660761941207867,0.1716447399600411,0.42078312612146185
41,TAEE11,2023,31.8268964,31.217115999999997,37.796565,37.796565,TAEE112023,3.321562617017756,19.31014603815976,2.864387833894017,0.13662228820415595,0.10642380239408146,0.21979068121540246
42,TAEE11,2024,37.953804999999996,35.04,37.953804999999996,36.64,TAEE112024,3.9705020914429356,19.388474277138688,2.2410743654700003,0.2047867219817616,0.13866822936219436,0.27810107974507053
43,TAEE3,2017,4.19984,3.7429951999999997,5.3464716,3.9322855,TAEE32017,0.5363769802911862,4.117622982940444,0.32352655046232176,0.13026374257998552,0.10375994248298803,0.24725199367463277
44,TAEE3,2018,4.1852716999999995,3.4895400000000003,5.515889400000001,5.398002,TAEE32018,0.9886879207196537,4.367966235025356,0.5769753061478394,0.22634971689837582,0.15083872247218408,0.39229084113819956
45,TAEE3,2019,5.553116999999999,5.553116999999999,6.799854000000001,6.786650399999999,TAEE32019,1.0581346631872177,4.835166430091234,0.4162731665574319,0.21893286746592544,0.13522178182871966,0.3083735609551977
46,TAEE3,2020,6.8790756,5.750167800000001,8.5469548,8.2741276,TAEE32020,1.5591907862335352,5.581409525136503,0.7826860396265625,0.27935413296997247,0.1587977008409859,0.4717560430753529
47,TAEE3,2021,8.230271799999999,7.4993418,10.725897000000002,9.99551,TAEE32021,2.458375786286753,6.701353753324876,1.225017079038581,0.3668476365789568,0.23840406762983174,0.6396355646061814
48,TAEE3,2022,10.0281484,9.873116,12.8276296,10.6404718,TAEE32022,1.7895330126744442,6.725641196829792,1.4734937019063454,0.2660761941207867,0.1716447399600411,0.42078312612146185
49,TAEE3,2023,10.649574,10.3947124,12.579328,12.579328,TAEE32023,1.1071875390059187,6.436715346053254,0.9548046458801719,0.13662228820415595,0.10642380239408146,0.21979068121540246
50,TAEE3,2024,12.628466,11.55,12.628466,12.13,TAEE32024,1.3235006971476453,6.462824759046229,0.74702478849,0.2047867219817616,0.13866822936219436,0.27810107974507053
51,TAEE4,2017,6.2484,3.609372,6.2484,3.767248,TAEE42017,0.5363769802911862,4.117622982940444,0.32026997801529417,0.13026374257998552,0.10375994248298803,0.24725199367463277
52,TAEE4,2018,3.761804,3.5148435000000005,4.819439300000001,4.7204521,TAEE42018,0.9886879207196537,4.367966235025356,0.5745649880538158,0.22634971689837582,0.15083872247218408,0.39229084113819956
53,TAEE4,2019,4.7946925,4.763759,7.012704599999999,7.012704599999999,TAEE42019,1.0581346631872177,4.835166430091234,0.4159543712016,0.21893286746592544,0.13522178182871966,0.3083735609551977
54,TAEE4,2020,7.0457211,5.546772,8.351421700000001,8.2311726,TAEE42020,1.5591907862335352,5.581409525136503,0.7824289763168008,0.27935413296997247,0.1587977008409859,0.4717560430753529
55,TAEE4,2021,8.2311726,7.5147828,10.943219700000002,9.9444828,TAEE42021,2.458375786286753,6.701353753324876,1.2251452144326436,0.3668476365789568,0.23840406762983174,0.6396355646061814
56,TAEE4,2022,9.9853058,9.879166,12.6430954,10.662306300000001,TAEE42022,1.7895330126744442,6.725641196829792,1.4737421237230213,0.2660761941207867,0.1716447399600411,0.42078312612146185
57,TAEE4,2023,10.698727499999999,10.4437791,12.6491508,12.6491508,TAEE42023,1.1071875390059187,6.436715346053254,0.9548436895976539,0.13662228820415595,0.10642380239408146,0.21979068121540246
58,TAEE4,2024,12.668807600000001,11.74,12.6982928,12.24,TAEE42024,1.3235006971476453,6.462824759046229,0.74702478849,0.2047867219817616,0.13866822936219436,0.27810107974507053
59,CPLE6,2010,1.7162775,1.5058259999999999,2.0338251,1.8963245,CPLE62010,,,0.029059091566265054,,,
60,CPLE6,2011,1.91226,1.5488159999999997,2.1267063,1.862829,CPLE62011,4.113272030560335,43.82730286222224,0.07659035475578407,0.09491905542441592,0.061245921110110985,8.773780679000028
61,CPLE6,2012,1.8533849999999998,1.2967983,2.3116423,1.527053,CPLE62012,3.6111916310797842,46.77480572051618,0.03588542586750789,0.07912179651890751,0.057756119987983044,1.2377893716274746
62,CPLE6,2013,1.5519454000000001,1.3370868,1.8377559,1.5862118,CPLE62013,2.8971585155234023,47.9306390382429,0.11634237798886343,0.06295387092128474,0.04249870855976746,0.708898785694092
63,CPLE6,2014,1.579069,1.2423370000000002,2.1459072,2.0120796,CPLE62014,4.175887281585461,50.25791289500526,0.1298131225626741,0.09037544894523138,0.0545718109406024,0.44266712559069016
64,CPLE6,2015,1.952304,1.3469352,2.0536257,1.368333,CPLE62015,3.7791108616083275,52.11777404335654,0.05232103292181071,0.07953144192851241,0.04539231196498337,0.251219493503386
65,CPLE6,2016,1.3587603,1.0124538,2.2147392,1.6180128,CPLE62016,5.244446596380575,57.03961780396237,0.07337602339181286,0.09351697633664459,0.08073348967492264,0.3927112218420367
66,CPLE6,2017,1.6098143999999999,1.4288967000000001,2.0958624,1.5561315,CPLE62017,3.1170482216912423,57.986224462062914,0.18521733066132265,0.053453432333588055,0.063145539601063,0.22193020729521773
67,CPLE6,2018,1.5609776,1.2820288,2.218896,2.059851,CPLE62018,4.050433871434098,60.41542578873154,0.07763752536824876,0.07176305385723564,0.06485315942313574,0.24088688513006629
68,CPLE6,2019,2.104674,2.083935,4.8281442,4.8281442,CPLE62019,5.677211489085496,65.02205191474862,0.19817514770522657,0.09095343357068039,0.07266386055423882,0.3043969022193541
69,CPLE6,2020,4.8065589,3.377055,5.480577299999999,5.405422199999999,CPLE62020,1.2339315462011298,7.428842207100811,0.22380365646917538,0.16639712306682933,0.08422238716543108,0.576013353886641
70,CPLE6,2021,5.460962299999999,4.3667502,5.954625,5.5405845,CPLE62021,2.069530335371633,8.009022296748237,1.1204435100621117,0.2635327086770525,0.14433531199136945,1.0443521735778811
71,CPLE6,2022,5.6201007999999995,5.3508224,8.515161599999999,7.7364773,CPLE62022,0.3209759720597485,7.794575933324898,0.9614713371681417,0.043224100803946466,0.08149602937655587,0.33138684867212315
72,CPLE6,2023,7.649333,6.5358225,10.44,10.42,CPLE62023,0.6708652591075637,7.881202403843818,0.33442748,0.08541167070087315,0.0817199147371252,0.3112504699996963
73,CPLE6,2024,10.36,9.59,10.55,9.59,CPLE62024,0.7572757072861017,8.110359763705157,0.33442748,0.09619709133727741,0.08532098516651815,0.3963040366717409
74,CPLE3,2010,1.5988570000000002,1.3158950999999999,1.6964000000000001,1.6726999999999999,CPLE32010,,,0.024879805263157893,,,
75,CPLE3,2011,1.65937,1.27053,1.8059999999999998,1.4800560000000003,CPLE32011,4.113272030560335,43.82730286222224,0.06551694730466383,0.09491905542441592,0.061245921110110985,8.773780679000028
76,CPLE3,2012,1.4631156,1.0002460000000002,1.8266936,1.140552,CPLE32012,3.6111916310797842,46.77480572051618,0.030775476190476186,0.07912179651890751,0.057756119987983044,1.2377893716274746
77,CPLE3,2013,1.163182,0.9753541000000001,1.4189091,1.1161164,CPLE32013,2.8971585155234023,47.9306390382429,0.10116128699551571,0.06295387092128474,0.04249870855976746,0.708898785694092
78,CPLE3,2014,1.0907612,0.8562255999999999,1.425908,1.3601142,CPLE32014,4.175887281585461,50.25791289500526,0.11485057429718874,0.09037544894523138,0.0545718109406024,0.44266712559069016
79,CPLE3,2015,1.3129549999999999,0.8959496,1.3729758,0.8959496,CPLE32015,3.7791108616083275,52.11777404335654,0.04692024375000001,0.07953144192851241,0.04539231196498337,0.251219493503386
80,CPLE3,2016,0.8659363999999999,0.6747412,1.4677499999999999,1.1471934,CPLE32016,5.244446596380575,57.03961780396237,0.06675153039832285,0.09351697633664459,0.08073348967492264,0.3927112218420367
81,CPLE3,2017,1.1301675,1.1301675,1.6902609,1.3530659999999999,CPLE32017,3.1170482216912423,57.986224462062914,0.16975303738317757,0.053453432333588055,0.063145539601063,0.22193020729521773
82,CPLE3,2018,1.3589175000000002,1.1843376,2.147064,2.0301765,CPLE32018,4.050433871434098,60.41542578873154,0.07164357046979865,0.07176305385723564,0.06485315942313574,0.24088688513006629
83,CPLE3,2019,2.12421,2.0220585,4.8901319999999995,4.8901319999999995,CPLE32019,5.677211489085496,65.02205191474862,0.181555495195369,0.09095343357068039,0.07266386055423882,0.3043969022193541
84,CPLE3,2020,4.860647999999999,3.525444,6.039306,5.0813,CPLE32020,1.2339315462011298,7.428842207100811,0.20452979740571434,0.16639712306682933,0.08422238716543108,0.576013353886641
85,CPLE3,2021,5.102351100000001,4.2465150000000005,5.4673528,5.2354152,CPLE32021,2.069530335371633,8.009022296748237,1.0193220194117647,0.2635327086770525,0.14433531199136945,1.0443521735778811
86,CPLE3,2022,5.281248,4.934368,7.814509999999999,6.7461192,CPLE32022,0.3209759720597485,7.794575933324898,0.8749950558078603,0.043224100803946466,0.08149602937655587,0.33138684867212315
87,CPLE3,2023,6.6685776,5.835005399999999,9.58,9.58,CPLE32023,0.6708652591075637,7.881202403843818,0.30402492999999997,0.08541167070087315,0.0817199147371252,0.3112504699996963
88,CPLE3,2024,9.49,8.51,9.54,8.51,CPLE32024,0.7572757072861017,8.110359763705157,0.30402492999999997,0.09619709133727741,0.08532098516651815,0.3963040366717409
89,CSMG3,2010,5.102967,3.3761660000000004,5.102967,4.611168,CSMG32010,,,0.2942131037630662,,,
90,CSMG3,2011,4.7840868,4.385471999999999,5.8633904999999995,5.7456855000000004,CSMG32011,5.938850266681748,38.80001914191993,0.27843819648907187,0.1530630756897064,0.11127599321975898,0.48721417145008
91,CSMG3,2012,5.7288705,5.7288705,9.093906,7.688472199999999,CSMG32012,3.8514839076234084,41.04072390628655,0.21032959119268574,0.09384541842921645,0.07395977026209076,0.2909967398002235
92,CSMG3,2013,7.896967299999999,4.989596,8.936659200000001,6.742146600000001,CSMG32013,3.7033939373684035,42.919763711105915,0.22633434975670427,0.086286447481306,0.07191628662144875,0.27088801484142866
93,CSMG3,2014,6.6219090000000005,4.0839018,7.618129799999999,4.6693944,CSMG32014,3.325147889442198,46.14954379866983,0.20573181774702143,0.07205158742084984,0.06707086379549232,0.23711470644639782
94,CSMG3,2015,4.5730245,1.6164184,4.9239564,2.8348831999999997,CSMG32015,0.42376591691454163,47.33701246616089,0.01622441627335484,0.00895210523092206,0.04195708741437272,0.13094696825252486
95,CSMG3,2016,2.8750684,1.9215831999999997,6.798125,6.798125,CSMG32016,2.070042881782363,46.40593699067994,0.12510304873643835,0.044607285533273595,0.04928713529271215,0.19866193225921552
96,CSMG3,2017,6.872624999999999,6.15087,10.3312875,8.5869814,CSMG32017,4.271366695331793,49.21768664547025,0.40822812480926485,0.086785198298728,0.0778861051800473,0.36675907203907204
97,CSMG3,2018,8.620143299999999,8.2528481,13.0085925,13.0085925,CSMG32018,4.350947921515412,48.76627403334096,0.8503793054526247,0.0892204296465364,0.07886189734624198,0.3063932192897778
98,CSMG3,2019,13.591918500000002,12.156548,16.0396848,14.808252000000001,CSMG32019,5.341890793760996,52.14333614724933,0.3736971034335491,0.1024462795912377,0.08244942631041799,0.3669340322579522
99,CSMG3,2020,14.78012,7.760104,15.71064,12.697180600000001,CSMG32020,2.1117782108227945,18.791930635655735,2.143363885063415,0.11237686280173442,0.09312147829222382,0.5634710306206698
100,CSMG3,2021,12.751014799999998,10.3472112,14.236012,10.396018799999998,CSMG32021,1.951434965667595,17.49897831180819,0.7685623681324941,0.11151708007722828,0.08462632570554275,0.4420834049548241
101,CSMG3,2022,10.5424416,9.3436434,13.570318899999998,13.261713,CSMG32022,1.681464709022677,18.91109866325841,0.3206441157319312,0.08891417357414168,0.07798404239651822,0.33627664852221945
102,CSMG3,2023,13.1032397,11.8688161,20.0281308,19.719155,CSMG32023,3.39873189692126,20.752251790255436,2.7828310413188477,0.16377653525374009,0.10816226971054771,0.4937543675490137
103,CSMG3,2024,19.8922988,19.4113438,22.1,22.1,CSMG32024,3.6274427815165167,19.91785732130976,2.7720202773000007,0.18212013084537865,0.11222131663340597,0.4819911376047288
104,SAPR11,2017,14.6317521,12.6692795,14.6317521,14.4629891,SAPR112017,6.857839565632238,49.95036350181566,0.3866550526453222,0.13729308627319517,0.10845556493981755,0.48736195898209755
105,SAPR11,2018,14.629903,10.594138000000001,15.639450000000002,15.639450000000002,SAPR112018,7.212778052327904,53.62956856697398,0.850159822660696,0.1344925615674197,0.12306631753091299,0.522144661923305
106,SAPR11,2019,15.854097,15.854097,27.4518219,27.4518219,SAPR112019,10.062092686150388,59.80155171733462,1.1551627425103659,0.1682580534650859,0.13096896660579282,0.5237502155223772
107,SAPR11,2020,27.668144800000004,17.5347684,30.400129200000002,22.3289178,SAPR112020,3.610733240049794,22.01648259067799,0.8219195496155076,0.16400136693854156,0.12397087067582521,0.6154934067183091
108,SAPR11,2021,21.86704,15.974052000000002,21.86704,16.5494614,SAPR112021,3.7618973253630634,25.071520401190384,0.9373135903710381,0.15004663718696734,0.12103155574667543,0.6214798925101818
109,SAPR11,2022,16.629239199999997,15.386013999999998,18.7277328,16.726606,SAPR112022,3.74721368391191,27.821609616554078,1.8969644408561905,0.13468716352350396,0.10324410949118255,0.47995438041454175
110,SAPR11,2023,16.442595,16.091946,29.188011999999997,28.667499,SAPR112023,4.928188063347061,31.42336657916877,2.4045146762798906,0.15683195659290253,0.11453397289664942,0.5101988001465053
111,SAPR11,2024,28.74,25.49,29.44,25.49,SAPR112024,4.974052109718373,32.23982402621175,1.5154368040000001,0.15428285544221176,0.11766192969141585,0.5224905854243359
112,SAPR3,2013,1.5646419999999999,1.5646419999999999,1.5852564,1.5852564,SAPR32013,0.7350779417018674,7.14012112193162,0.0701168145498535,0.10295034624048595,0.0998040381578319,0.5145996920340101
113,SAPR3,2014,1.5977674000000002,1.5977674000000002,1.5997976,1.5997976,SAPR32014,0.824589463586443,7.747220855340741,0.08806215697664976,0.10643680862899264,0.09284794179532413,0.3910015206367587
114,SAPR3,2015,1.6344048,0.7517134999999999,1.6344048,0.8518,SAPR32015,0.87198778979169,8.420440320148744,0.09051766945975,0.10355607980560888,0.08889330218508361,0.31910597396822493
115,SAPR3,2016,0.89236,0.7094262000000001,1.8712,1.408078,SAPR32016,1.2056811446835378,8.72418928745323,0.11874369677551494,0.13819979197579985,0.10915573729827964,0.4058997188419308
116,SAPR3,2017,2.9489061,2.1251512000000004,3.5177219999999996,3.2295895,SAPR32017,1.3715679131264475,9.990072700363132,0.22043182868386677,0.13729308627319517,0.10845556493981755,0.48736195898209755
117,SAPR3,2018,3.4020070000000002,2.1261408,4.5795816,4.5795816,SAPR32018,1.4425556104655808,10.725913713394796,0.16206030125203338,0.1344925615674197,0.12306631753091299,0.522144661923305
118,SAPR3,2019,4.7406546,4.1633695,6.794406199999999,4.781056799999999,SAPR32019,2.0124185372300776,11.960310343466924,0.21658943612286788,0.1682580534650859,0.13096896660579282,0.5237502155223772
119,SAPR3,2020,5.062398000000001,3.4953996000000003,6.753542400000001,5.44505,SAPR32020,0.7221466480099588,4.4032965181355985,0.1541641405769167,0.16400136693854156,0.12397087067582521,0.6154934067183091
120,SAPR3,2021,5.1677913,3.1244910999999997,5.1677913,3.3062481999999997,SAPR32021,0.7523794650726127,5.014304080238077,0.17502324741318423,0.15004663718696734,0.12103155574667543,0.6214798925101818
121,SAPR3,2022,3.3263625,2.9115200000000003,3.6723041999999997,3.220869,SAPR32022,0.749442736782382,5.564321923310816,0.3531485957986167,0.13468716352350396,0.10324410949118255,0.47995438041454175
122,SAPR3,2023,3.1541659999999996,3.0876625,5.5328825,5.5132275,SAPR32023,0.9856376126694122,6.284673315833754,0.44527551174153296,0.15683195659290253,0.11453397289664942,0.5101988001465053
123,SAPR3,2024,5.55,4.94,5.63,4.94,SAPR32024,0.9948104219436747,6.44796480524235,0.280636445,0.15428285544221176,0.11766192969141585,0.5224905854243359
124,SAPR4,2010,0.39378909999999995,0.3527999,0.46846800000000005,0.4429425,SAPR42010,,,0.014457347303013696,,,
125,SAPR4,2011,0.45208800000000005,0.45208800000000005,0.7770792000000001,0.7271464000000001,SAPR42011,0.524999648499727,5.627844184804841,0.051240319498574514,0.09328610232622007,0.1058943528159915,0.5040804456196318
126,SAPR4,2012,0.7545850000000001,0.7385299999999999,1.565851,1.4955675000000002,SAPR42012,0.8203250822321063,6.151691888061003,0.05134884783703867,0.13334950728338096,0.1273567858211052,0.7399414221187649
127,SAPR4,2013,1.508689,1.0215555,1.6960317,1.1640582000000002,SAPR42013,0.7350779417018674,7.14012112193162,0.06819344584613568,0.10295034624048595,0.0998040381578319,0.5145996920340101
128,SAPR4,2014,1.190136,0.8873514000000001,1.2331677,1.0893903,SAPR42014,0.824589463586443,7.747220855340741,0.09395555431410346,0.10643680862899264,0.09284794179532413,0.3910015206367587
129,SAPR4,2015,1.1139071999999999,0.6408654,1.1139071999999999,0.6932632,SAPR42015,0.87198778979169,8.420440320148744,0.1055351570517015,0.10355607980560888,0.08889330218508361,0.31910597396822493
130,SAPR4,2016,0.707289,0.5679744999999999,2.532656,2.4308975,SAPR42016,1.2056811446835378,8.72418928745323,0.14231230452418606,0.13819979197579985,0.10915573729827964,0.4058997188419308
131,SAPR4,2017,2.4520208,2.3450144999999996,3.487988,2.8108981,SAPR42017,1.3715679131264475,9.990072700363132,0.23026782525446152,0.13729308627319517,0.10845556493981755,0.48736195898209755
132,SAPR4,2018,2.82808,2.1108382000000003,2.82808,2.7078175,SAPR42018,1.4425556104655808,10.725913713394796,0.17183746444626172,0.1344925615674197,0.12306631753091299,0.522144661923305
133,SAPR4,2019,2.8350644999999997,2.8350644999999997,5.6985304,5.6985304,SAPR42019,2.0124185372300776,11.960310343466924,0.23490697084380938,0.1682580534650859,0.13096896660579282,0.5237502155223772
134,SAPR4,2020,5.7025500000000005,3.5220035000000003,6.0392719999999995,4.4197955,SAPR42020,0.7221466480099588,4.4032965181355985,0.1669826067277843,0.16400136693854156,0.12397087067582521,0.6154934067183091
135,SAPR4,2021,4.284306,3.23466,4.284306,3.3462,SAPR42021,0.7523794650726127,5.014304080238077,0.19076699560981913,0.15004663718696734,0.12103155574667543,0.6214798925101818
136,SAPR4,2022,3.348142,3.1366804000000004,3.7358216000000004,3.34961,SAPR42022,0.749442736782382,5.564321923310816,0.3856680283364384,0.13468716352350396,0.10324410949118255,0.47995438041454175
137,SAPR4,2023,3.305728,3.2488960000000002,5.8817607,5.7835677,SAPR42023,0.9856376126694122,6.284673315833754,0.48937897136842107,0.15683195659290253,0.11453397289664942,0.5101988001465053
138,SAPR4,2024,5.78,5.11,5.92,5.16,SAPR42024,0.9948104219436747,6.44796480524235,0.30870009,0.15428285544221176,0.11766192969141585,0.5224905854243359
139,SBSP3,2010,8.4764295,7.5125873,11.111205,11.0447932,SBSP32010,,,0.5495945527119042,,,
140,SBSP3,2011,11.458589799999999,10.421543999999999,13.512246999999999,13.2900229,SBSP32011,5.729292122403835,45.39863761653119,0.0,0.12619964878235915,0.10118398405328806,0.38089675348896856
141,SBSP3,2012,13.435618,13.3487718,24.5127576,22.9562662,SBSP32012,7.1959633987377,50.054468196713046,0.6713295729250605,0.14376265811990468,0.10783057581378312,0.39002150571747757
142,SBSP3,2013,23.088396200000002,16.1013528,25.704958400000002,21.8003736,SBSP32013,3.0698093694971944,18.301703555943828,0.6327777777777779,0.16773353147774134,0.10642217690014595,0.43102397837609296
143,SBSP3,2014,21.4037088,13.954186,21.4037088,14.9819494,SBSP32014,2.1393019564432945,20.1305769295337,0.6568937507449794,0.10627126902183867,0.08221629725621095,0.29553721646656705
144,SBSP3,2015,14.330196999999998,11.1215698,17.6495152,16.14544,SBSP32015,0.15628596578464327,19.54287802682773,0.31375082923060754,0.007997080346615261,0.10698332581287162,0.2186269678648738
145,SBSP3,2016,15.814033599999998,14.318456000000001,29.122700000000002,24.7114675,SBSP32016,3.6007336713378164,22.712601096327404,0.1878408475164988,0.15853462384456046,0.07311937018838528,0.30914283655227964
146,SBSP3,2017,24.548723000000003,24.548723000000003,31.661411500000003,30.59159,SBSP32017,4.174900947918866,25.256675555038694,1.0651232158461987,0.1652989103344591,0.0941566997558022,0.39203103863368216
147,SBSP3,2018,30.8479935,20.411452399999998,34.923925,28.5869098,SBSP32018,2.838431583787417,27.485998157548185,0.9333584126984128,0.10326827381409576,0.11187633210256813,0.4258182982009287
148,SBSP3,2019,31.586994500000003,31.586994500000003,57.3927354,57.2261382,SBSP32019,5.586039314378941,31.896954219398403,1.0726874174372523,0.17512767131169357,0.13573800188593568,0.5800861316325612
149,SBSP3,2020,56.45794,30.357712,61.7983058,42.8118897,SBSP32020,1.7538605576447062,31.742946201702903,1.3107150540054007,0.05525197776224745,0.11308600570682202,0.3263346922848193
150,SBSP3,2021,42.8690103,31.551319200000005,42.8690103,38.709860600000006,SBSP32021,3.7599588777846895,35.85283857839951,0.38185724240915875,0.10487199973198148,0.07958170943701887,0.3298392921140609
151,SBSP3,2022,39.1128884,33.624033600000004,60.239668099999996,56.724304100000005,SBSP32022,4.457119257776218,40.02178643012395,0.9206003149055282,0.11136732403382658,0.06965551045648004,0.28872431524855874
152,SBSP3,2023,55.2302744,44.6,75.62,75.37,SBSP32023,4.359059225229709,43.29689641979405,1.276,0.10067832998849491,0.08619151167034929,0.3273843323347863
153,SBSP3,2024,75.35,72.95,85.63,83.78,SBSP32024,5.155055047200789,43.682435842049266,1.276,0.11801207848941582,0.10350217353515707,0.3897969124916708
154,BRSR3,2010,5.93372,4.6239,7.99408,7.338475,BRSR32010,,,0.34292526407741936,,,
155,BRSR3,2011,8.1271665,6.2625983000000005,8.1271665,7.321801499999999,BRSR32011,2.21906282550969,10.509580071104764,0.3857502134989733,0.21114666908631513,,
156,BRSR3,2012,7.968285,5.658479399999999,9.0207,6.760832000000001,BRSR32012,2.087636377862651,11.735122526126355,0.46478181425000004,0.1778964278570476,,
157,BRSR3,2013,6.708013,6.5178646,9.421356,7.14909,BRSR32013,1.9417395726867723,12.24675407238602,0.4275750985,0.15855136481143248,,
158,BRSR3,2014,6.9181194,6.0933600000000006,8.219817200000001,7.412228,BRSR32014,1.545780416358986,13.249377711052537,0.4823844243543307,0.11666815227627689,,
159,BRSR3,2015,7.528956000000001,4.057755,8.3714607,5.73363,BRSR32015,2.3166656071046083,14.946392680219281,0.5734588711333334,0.15499831007187348,,
160,BRSR3,2016,5.606216000000001,3.6822646000000003,10.5828399,7.6291687999999995,BRSR32016,1.575041445177444,15.818142473604679,0.40851255028243605,0.09957183327977191,,
161,BRSR3,2017,8.147656,8.147656,28.954479999999997,18.278304,BRSR32017,1.715774107889499,16.450380708798114,0.4952181829545455,0.10429996352436124,,
162,BRSR3,2018,16.61664,9.59616,20.9502832,16.622719399999998,BRSR32018,3.2092920332343864,17.722537374013996,1.6860591078738318,0.18108535846227478,,
163,BRSR3,2019,17.126206999999997,16.294689599999998,20.2971126,18.604364999999998,BRSR32019,2.9335630137857174,18.908055279797736,0.9945496699565218,0.15514884901569306,,
164,BRSR3,2020,18.5484,10.3622652,19.148025,13.105158,BRSR32020,2.1817548303804153,20.423794666653627,0.539686468520635,0.1068241659294888,,
165,BRSR3,2021,13.152412799999999,10.033187999999999,13.5506264,10.3911167,BRSR32021,2.281592472871136,21.38799532488618,0.8348366885666105,0.10667631249275476,,
166,BRSR3,2022,10.496165900000001,9.6912936,12.7169136,10.167847,BRSR32022,2.172042721542201,22.22045655714055,0.8221668421008402,0.09778710282782375,,
167,BRSR3,2023,9.990609300000001,9.841356500000002,14.6632009,13.800754,BRSR32023,2.2905123553086506,23.674578335053084,0.9106444980548342,0.09683135812850828,,
168,BRSR3,2024,13.800754,13.17,15.319829799999999,13.28,BRSR32024,2.4731498823886113,24.123227882457076,0.672748524,0.10262084886810187,,
169,BRSR5,2010,6.5047619999999995,5.368272,10.23647,9.082102,BRSR52010,,,0.3824920274413408,,,
170,BRSR5,2011,9.132840000000002,7.655807599999999,10.573146,9.677165,BRSR52011,2.21906282550969,10.509580071104764,0.49634865607264866,0.21114666908631513,,
171,BRSR5,2012,10.553799999999999,7.551274499999999,11.15667,8.748021,BRSR52012,2.087636377862651,11.735122526126355,0.5340596344339622,0.1778964278570476,,
172,BRSR5,2013,9.062458399999999,8.954269199999999,9.767975000000002,8.954269199999999,BRSR52013,1.9417395726867723,12.24675407238602,0.4586677496501272,0.15855136481143248,,
173,BRSR5,2014,6.267685899999999,6.267685899999999,8.882181000000001,8.1971348,BRSR52014,1.545780416358986,13.249377711052537,0.5194460288905436,0.11666815227627689,,
174,BRSR5,2015,8.0628556,3.88314,8.0628556,4.4979705,BRSR52015,2.3166656071046083,14.946392680219281,0.5371365366906475,0.15499831007187348,,
175,BRSR5,2016,4.1310001,4.1310001,17.28925,8.020545299999998,BRSR52016,1.575041445177444,15.818142473604679,0.42571141816071434,0.09957183327977191,,
176,BRSR5,2017,8.42052,8.42052,31.576949999999997,15.85342,BRSR52017,1.715774107889499,16.450380708798114,0.5152653085227272,0.10429996352436124,,
177,BRSR5,2018,13.869240000000001,11.690171999999999,21.8988,19.01856,BRSR52018,3.2092920332343864,17.722537374013996,1.8048039722249998,0.18108535846227478,,
178,BRSR5,2019,19.89625,17.906625,25.387614999999997,20.704100999999998,BRSR52019,2.9335630137857174,18.908055279797736,1.067531438313253,0.15514884901569306,,
179,BRSR5,2020,20.645896699999998,14.39288,20.74268,16.926588900000002,BRSR52020,2.1817548303804153,20.423794666653627,0.46623591689793864,0.1068241659294888,,
180,BRSR5,2021,16.8308322,14.232982999999999,18.738954,15.217776,BRSR52021,2.281592472871136,21.38799532488618,1.0849527987976189,0.10667631249275476,,
181,BRSR5,2022,16.3319346,14.21595,17.2960725,16.686584399999997,BRSR52022,2.172042721542201,22.22045655714055,0.8480532198805464,0.09778710282782375,,
182,BRSR5,2023,16.5916664,13.165126599999999,19.7049426,17.798865,BRSR52023,2.2905123553086506,23.674578335053084,0.9274455149385475,0.09683135812850828,,
183,BRSR5,2024,16.90395,16.0,18.3855315,16.0,BRSR52024,2.4731498823886113,24.123227882457076,0.6881418530000001,0.10262084886810187,,
184,BRSR6,2010,6.424487999999999,4.919043199999999,9.4585337,8.2100922,BRSR62010,,,0.32987276369405105,,,
185,BRSR6,2011,8.5882485,6.7978676,9.631020000000001,9.462,BRSR62011,2.21906282550969,10.509580071104764,0.3641719156955,0.21114666908631513,,
186,BRSR6,2012,9.79317,6.409492000000001,10.571195999999999,7.7927884,BRSR62012,2.087636377862651,11.735122526126355,0.436341924281109,0.1778964278570476,,
187,BRSR6,2013,7.9118379999999995,6.234283,9.194991199999999,6.5588779,BRSR62013,1.9417395726867723,12.24675407238602,0.35009342316666664,0.15855136481143248,,
188,BRSR6,2014,6.5794871,5.409915,8.5932696,8.001390500000001,BRSR62014,1.545780416358986,13.249377711052537,0.4515813201103448,0.11666815227627689,,
189,BRSR6,2015,7.957696900000001,3.2746968,7.957696900000001,3.5295952,BRSR62015,2.3166656071046083,14.946392680219281,0.542584336552901,0.15499831007187348,,
190,BRSR6,2016,3.4874327999999997,2.5417903999999996,8.892287999999999,6.683402,BRSR62016,1.575041445177444,15.818142473604679,0.387949336627907,0.09957183327977191,,
191,BRSR6,2017,6.8560832000000005,6.8560832000000005,12.465024399999999,9.938088,BRSR62017,1.715774107889499,16.450380708798114,0.47567650822147645,0.10429996352436124,,
192,BRSR6,2018,10.124344,9.3960037,16.8975664,16.505940000000002,BRSR62018,3.2092920332343864,17.722537374013996,1.638719964044184,0.18108535846227478,,
193,BRSR6,2019,17.114248800000002,15.612199999999998,20.1109853,17.02725,BRSR62019,2.9335630137857174,18.908055279797736,0.9669383821247113,0.15514884901569306,,
194,BRSR6,2020,17.314925,8.860275,17.3227,11.983325,BRSR62020,2.1817548303804153,20.423794666653627,0.5283915586547702,0.1068241659294888,,
195,BRSR6,2021,11.9250468,8.073164,12.2664612,8.3926368,BRSR62021,2.281592472871136,21.38799532488618,0.8233918240829015,0.10667631249275476,,
196,BRSR6,2022,8.565324799999999,8.2113144,11.792839200000001,9.226956,BRSR62022,2.172042721542201,22.22045655714055,0.8187230114536084,0.09778710282782375,,
197,BRSR6,2023,9.01324,8.790232000000001,14.923664,13.257084,BRSR62023,2.2905123553086506,23.674578335053084,0.9110787615011237,0.09683135812850828,,
198,BRSR6,2024,13.2471536,12.8797288,15.6205192,13.47,BRSR62024,2.4731498823886113,24.123227882457076,0.672748524,0.10262084886810187,,
199,ITSA3,2010,3.260675,2.5662972,3.5080696000000002,3.5080696000000002,ITSA32010,,,0.0961025879834254,,,
200,ITSA3,2011,3.40928,2.7376335,3.613536,3.613536,ITSA32011,1.0854987065964712,7.098432288932442,0.13043631944444445,0.17059630539514406,0.16547945205479453,-999.0
201,ITSA3,2012,3.613536,3.1611384,4.2166991000000005,4.2166991000000005,ITSA32012,0.9984610497043812,6.641003742166,0.11705797101449276,0.16715333001988072,0.1619066640037281,-999.0
202,ITSA3,2013,4.2393543000000005,3.0949405999999997,4.633565,4.0506649999999995,ITSA32013,0.9064708197373373,6.407810967108764,0.10931811023622047,0.1578376836399943,-0.36753157168629946,-999.0
203,ITSA3,2014,3.9996329999999998,2.8375284,4.2512842,3.5383903999999995,ITSA32014,1.2060291967410208,6.592817767990031,0.1285344329896907,0.18876449122458605,0.1828024296378727,8.853820598006644
204,ITSA3,2015,3.5166379999999995,2.989313,4.074057,2.989313,ITSA32015,1.3971417111235296,6.93318443113932,0.2244715789473684,0.2046521553563807,0.19309008072895853,12.246212121212121
205,ITSA3,2016,3.0103645,2.694592,4.3188756,4.0176184,ITSA32016,1.0842372681527643,6.849698550815143,0.2965419676214197,0.15899713129249027,0.1511538320431449,7.8965853658536584
206,ITSA3,2017,4.0225907,4.0225907,5.621819,5.4974654,ITSA32017,1.1184658592946133,7.3113065538433135,0.2460063688212928,0.15424032795285678,0.14514470645743086,4.123084291187739
207,ITSA3,2018,5.6891772000000005,5.661334999999999,8.1571707,8.1571707,ITSA32018,1.0561549112808473,6.6707899867525855,0.5799869548872179,0.16581114319324136,0.15867121970626263,9.720408163265306
208,ITSA3,2019,8.4500235,7.7806976,10.6708239,9.349649399999999,ITSA32019,1.1139229670370827,6.556915114647035,0.7856407473309608,0.16961322961431757,0.15713686330452295,7.12937595129376
209,ITSA3,2020,9.3760422,6.745068000000001,9.402434999999999,8.7037188,ITSA32020,0.8137142476680321,6.8468989033761884,0.4458895056726094,0.12367159824963533,0.12089907136660133,9.166666666666666
210,ITSA3,2021,8.5931076,6.965456199999999,8.9230375,7.040434200000001,ITSA32021,1.3298071100293092,7.5186641779586285,0.29541183333333326,0.1906475903614458,0.16894591478293514,3.1118158327460654
211,ITSA3,2022,7.0629276,6.6179155000000005,8.5525713,7.9013305,ITSA32022,1.4913296108503815,7.679089946719085,0.5346964466292136,0.203710166715885,0.17274279060829065,2.018816840395289
212,ITSA3,2023,7.7967925,7.17526,10.131345,10.112047200000001,ITSA32023,1.3367351690995162,8.11616873459126,0.5643603133462284,0.17098717566358484,0.15735264661543166,5.402620396600566
213,ITSA3,2024,10.005909299999999,9.6103044,10.739196,10.05,ITSA32024,1.3038154271399454,8.428422169354837,0.877918,0.16057438253877082,0.14631677945656396,4.582656706722962
214,ITSA4,2010,2.8111266,2.4400419,3.2630448000000003,3.066756,ITSA42010,,,0.09220638015151515,,,
215,ITSA4,2011,3.126237,2.0927851,3.1659575,2.7277296,ITSA42011,1.0854987065964712,7.098432288932442,0.12592367021276596,0.17059630539514406,0.16547945205479453,-999.0
216,ITSA4,2012,2.744657,2.2133339000000003,3.0925024,2.6890948,ITSA42012,0.9984610497043812,6.641003742166,0.11399164086687309,0.16715333001988072,0.1619066640037281,-999.0
217,ITSA4,2013,2.766162,2.4026355,3.0190483999999995,2.8143,ITSA42013,0.9064708197373373,6.407810967108764,0.10707685393258426,0.1578376836399943,-0.36753157168629946,-999.0
218,ITSA4,2014,2.808046,2.6020608,4.0127136000000005,3.4079726999999997,ITSA42014,1.2060291967410208,6.592817767990031,0.12598807241746535,0.18876449122458605,0.1828024296378727,8.853820598006644
219,ITSA4,2015,3.3652394999999995,2.8853832,4.021380000000001,2.9012287,ITSA42015,1.3971417111235296,6.93318443113932,0.22084186046511634,0.2046521553563807,0.19309008072895853,12.246212121212121
220,ITSA4,2016,2.8267321,2.6280745,4.5583605,4.049333399999999,ITSA42016,1.0842372681527643,6.849698550815143,0.291192270531401,0.15899713129249027,0.1511538320431449,7.8965853658536584
221,ITSA4,2017,4.029795,4.029795,5.7968014000000005,5.531065600000001,ITSA42017,1.1184658592946133,7.3113065538433135,0.24137985212569318,0.15424032795285678,0.14514470645743086,4.123084291187739
222,ITSA4,2018,5.607321099999999,5.1822945,7.5649911,7.2995263999999995,ITSA42018,1.0561549112808473,6.6707899867525855,0.5708474751655629,0.16581114319324136,0.15867121970626263,9.720408163265306
223,ITSA4,2019,7.623683,7.1231292,9.3482856,9.335174400000001,ITSA42019,1.1139229670370827,6.556915114647035,0.780875088715401,0.16961322961431757,0.15713686330452295,7.12937595129376
224,ITSA4,2020,9.4269528,5.6245780000000005,9.4269528,8.2209288,ITSA42020,0.8137142476680321,6.8468989033761884,0.4443311167945439,0.12367159824963533,0.12089907136660133,9.166666666666666
225,ITSA4,2021,8.1520768,6.713897,8.581742400000001,6.773709000000001,ITSA42021,1.3298071100293092,7.5186641779586285,0.29485131019036953,0.1906475903614458,0.16894591478293514,3.1118158327460654
226,ITSA4,2022,6.8709035,6.2487428,8.4615174,7.52723,ITSA42022,1.4913296108503815,7.679089946719085,0.5346680710928321,0.203710166715885,0.17274279060829065,2.018816840395289
227,ITSA4,2023,7.353189999999999,6.9412275,10.03288,10.03288,ITSA42023,1.3367351690995162,8.11616873459126,0.5638553519768564,0.17098717566358484,0.15735264661543166,5.402620396600566
228,ITSA4,2024,9.955704,9.618059,10.7293602,10.04,ITSA42024,1.3038154271399454,8.428422169354837,0.877918,0.16057438253877082,0.14631677945656396,4.582656706722962
229,SANB11,2010,10.5225965,8.3209102,11.645913,10.304922,SANB112010,,,0.42502561307897113,,,
230,SANB11,2011,10.464511499999999,6.1621188,10.464511499999999,7.2226728,SANB112011,0.0394463001192422,0.3858851275835248,0.39991527557169115,0.10227875810654258,,
231,SANB11,2012,7.3707567,6.8898643,9.410492999999999,7.511928,SANB112012,0.032243617815320404,0.4064841081218095,0.35182440610394794,0.0795030898290172,,
232,SANB11,2013,7.666556,6.660236799999999,8.194398300000001,7.2884592,SANB112013,0.025570019868254315,0.4090687697069846,0.32498726868715305,0.06360440765675389,,
233,SANB11,2014,7.3665452,6.5500272,9.774771000000001,8.2248,SANB112014,1.492366092360046,20.943508393956947,1.1871374225155422,0.07245089136925394,,
234,SANB11,2015,8.061842599999999,7.591518199999999,10.8790927,10.4405868,SANB112015,2.5698217661947984,21.844688445436827,1.0563834713321696,0.11824365720951052,,
235,SANB11,2016,10.3692686,8.628736799999999,20.152548,20.152548,SANB112016,1.9685868795239734,23.575315805302022,0.09007861320652563,0.08463722343108705,,
236,SANB11,2017,20.253987,16.99719,25.2097075,22.536711999999998,SANB112017,2.1279618466586907,24.218056721119094,1.0450045578278546,0.0901401051000586,,
237,SANB11,2018,23.1230904,21.4042919,33.5223939,31.972011,SANB112018,3.0284178167873566,24.540123077178393,1.3094630689728899,0.12564041331475928,,
238,SANB11,2019,34.2419496,31.757035199999997,38.7247179,38.7247179,SANB112019,3.9070140538193416,26.730977574140855,1.6130918003725565,0.14856634799795318,,
239,SANB11,2020,39.78989849999999,19.3724112,39.813054599999994,38.1704292,SANB112020,4.044129976924814,27.687695896702966,2.305912680026679,0.14678678165953676,,
240,SANB11,2021,37.6937098,26.9034129,39.538044,27.115042499999998,SANB112021,4.165230763198818,28.24035294379659,2.5009781718246433,0.1478314800709301,,
241,SANB11,2022,27.106224599999997,24.425991000000003,33.77344,26.877042000000003,SANB112022,4.006310302644612,29.380159660605525,2.1049288876399923,0.1367285836388775,,
242,SANB11,2023,26.398101,24.74706,32.1120016,31.934040999999997,SANB112023,2.712836154174731,30.339375005584426,1.648499813602192,0.08977822947251549,,
243,SANB11,2024,31.9241543,27.39,31.973587800000004,27.39,SANB112024,2.5203104448057894,30.63436131690327,1.6128287804900001,0.08270166751070646,,
244,SANB3,2010,5.8228127999999995,4.6276647,7.4198070000000005,6.0392952,SANB32010,,,0.21330525030166667,,,
245,SANB3,2011,6.2909325,3.3550101000000003,6.2909325,4.2055536,SANB32011,0.0197231500596211,0.1929425637917624,0.200153401118125,0.10227875810654258,,
246,SANB3,2012,3.9427065,3.7650424000000005,5.2569420000000004,4.1090355,SANB32012,0.016121808907660202,0.20324205406090476,0.175624474664,0.0795030898290172,,
247,SANB3,2013,4.1090355,3.6191935,4.400928,3.9303096000000006,SANB32013,0.012785009934127158,0.2045343848534923,0.161931867375,0.06360440765675389,,
248,SANB3,2014,3.9990370000000004,3.5222462,5.26031,4.362963,SANB32014,0.746183046180023,10.471754196978473,0.6353148248647762,0.07245089136925394,,
249,SANB3,2015,4.105116799999999,4.0049920000000006,6.77592,5.8306256,SANB32015,1.2849108830973992,10.922344222718413,0.5182286310171688,0.11824365720951052,,
250,SANB3,2016,5.5166372,4.608662000000001,13.458536,13.458536,SANB32016,0.9842934397619867,11.787657902651011,0.043869532146549595,0.08463722343108705,,
251,SANB3,2017,13.548444,9.8321754,16.2241512,13.2236782,SANB32017,1.0639809233293454,12.109028360559547,0.5036668415862195,0.0901401051000586,,
252,SANB3,2018,13.5025984,10.953628000000002,18.153816,16.5741202,SANB32018,1.5142089083936783,12.270061538589196,0.626751115560054,0.12564041331475928,,
253,SANB3,2019,17.827249,16.335183,22.440869099999997,21.0862116,SANB32019,1.9535070269096708,13.365488787070428,0.7703856448132416,0.14856634799795318,,
254,SANB3,2020,20.668203,9.2919617,20.823020999999997,18.265024999999998,SANB32020,2.022064988462407,13.843847948351483,1.0965491781927608,0.14678678165953676,,
255,SANB3,2021,18.265024999999998,12.6671982,18.9430855,12.7464783,SANB32021,2.082615381599409,14.120176471898295,1.1897919746269388,0.1478314800709301,,
256,SANB3,2022,12.9226563,11.569239,16.193658799999998,12.629518000000001,SANB32022,2.003155151322306,14.690079830302762,1.0016643393073081,0.1367285836388775,,
257,SANB3,2023,12.47939,11.5183054,15.221976,15.0440568,SANB32023,1.3564180770873655,15.169687502792213,0.7846925984128027,0.08977822947251549,,
258,SANB3,2024,15.0144036,12.93,15.07371,12.93,SANB32024,1.2601552224028947,15.317180658451635,0.76801370501,0.08270166751070646,,
259,SANB4,2010,4.7174578,3.6609194,4.7174578,4.2704761,SANB42010,,,0.20952835681105259,,,
260,SANB4,2011,4.2704761,3.0062292,4.3044861,3.3066502,SANB42011,0.0197231500596211,0.1929425637917624,0.1978306176892857,0.10227875810654258,,
261,SANB4,2012,3.5428395,3.3066502,4.2514074,3.4657840000000006,SANB42012,0.016121808907660202,0.20324205406090476,0.1746383746476923,0.0795030898290172,,
262,SANB4,2013,3.4657840000000006,3.2337786,3.9608960000000004,3.5617386000000004,SANB42013,0.012785009934127158,0.2045343848534923,0.16135501097714283,0.06360440765675389,,
263,SANB4,2014,3.6303694,3.2275705,4.633252499999999,3.5495,SANB42014,0.746183046180023,10.471754196978473,0.5937586743363789,0.07245089136925394,,
264,SANB4,2015,3.45432,3.4255340000000003,4.8886992000000005,4.499825400000001,SANB42015,1.2849108830973992,10.922344222718413,0.5326020068681604,0.11824365720951052,,
265,SANB4,2016,4.43598,3.6531599999999997,6.9604893,6.6121362,SANB42016,0.9842934397619867,11.787657902651011,0.045889767958238764,0.08463722343108705,,
266,SANB4,2017,6.8421807,6.560452,9.816908399999999,9.3064851,SANB42017,1.0639809233293454,12.109028360559547,0.5416041927048109,0.0901401051000586,,
267,SANB4,2018,9.7120269,9.7120269,16.9269261,15.1891246,SANB42018,1.5142089083936783,12.270061538589196,0.6835844409075401,0.12564041331475928,,
268,SANB4,2019,16.6902893,15.342125099999999,18.7846607,18.185964,SANB42019,1.9535070269096708,13.365488787070428,0.8449214668417849,0.14856634799795318,,
269,SANB4,2020,19.490475,10.1132224,19.998222000000002,19.8911475,SANB42020,2.022064988462407,13.843847948351483,1.210446076727778,0.14678678165953676,,
270,SANB4,2021,19.9076205,14.387653799999999,20.659,14.511304599999999,SANB42021,2.082615381599409,14.120176471898295,1.3122113054135986,0.1478314800709301,,
271,SANB4,2022,14.3169962,13.0387709,17.557582,14.2232591,SANB42022,2.003155151322306,14.690079830302762,1.1034901569477107,0.1367285836388775,,
272,SANB4,2023,14.0446458,13.3082411,16.820338500000002,16.81045,SANB42023,1.3564180770873655,15.169687502792213,0.863743294129141,0.08977822947251549,,
273,SANB4,2024,16.81045,14.61,16.8401155,14.61,SANB42024,1.2601552224028947,15.317180658451635,0.84481507549,0.08270166751070646,,
274,BBAS3,2010,12.5352,10.9550238,15.338380199999998,13.9228304,BBAS32010,,,0.8208755820849396,,,
275,BBAS3,2011,14.091216000000001,10.6286542,14.2418768,11.232325000000001,BBAS32011,4.591233337100603,19.64081536324025,0.8920659816861352,0.2337598135408144,,
276,BBAS3,2012,11.4877126,9.0795168,14.168124,12.965148799999998,BBAS32012,3.9973741762726043,22.280916025270205,0.8162729733115546,0.17940798177861841,,
277,BBAS3,2013,13.1662368,10.7723625,16.251547,13.5383157,BBAS32013,5.816868847941722,22.266439598379993,1.3092959158756723,0.2612392889415931,,
278,BBAS3,2014,13.4887248,10.7667045,21.8274945,14.3680446,BBAS32014,3.978487571069149,27.516379099332635,0.9707525102104755,0.14458615927288346,,
279,BBAS3,2015,13.8417426,9.1855101,16.896296,9.541580399999999,BBAS32015,5.111553012273236,25.270810319958244,1.316637029551981,0.20227103711970254,,
280,BBAS3,2016,9.3052762,8.2003944,19.4409486,18.645299299999998,BBAS32016,3.300890562868228,26.03367414911216,0.6066465662850836,0.1267931120272088,,
281,BBAS3,2017,18.5590092,17.5254752,25.575728099999996,22.0608024,BBAS32017,3.066859357176569,28.658592598155224,0.6448138667137617,0.10701360671053976,,
282,BBAS3,2018,22.4424536,17.5343415,32.842395599999996,32.842395599999996,BBAS32018,4.180777847128164,32.371980187372515,1.0710667009757195,0.12914804169931438,,
283,BBAS3,2019,35.110068,32.248185,40.221527,39.375588,BBAS32019,5.584863874368974,32.97817153330094,1.8854518062394607,0.16935031915670187,,
284,BBAS3,2020,39.840654,18.6755,39.840654,30.0401835,BBAS32020,5.235913270313443,39.117599713287106,1.1276292304048146,0.13385057643337345,,
285,BBAS3,2021,29.9943789,22.264746499999998,30.963909600000004,23.7495678,BBAS32021,6.069885422820585,47.71762994553582,1.843648560286402,0.12720425196617394,,
286,BBAS3,2022,24.213331200000002,23.4485284,39.273066,31.525488000000003,BBAS32022,9.534804815251638,55.079577910792196,3.7526897440703286,0.18537828630980607,,
287,BBAS3,2023,30.787734,29.924022,54.351437499999996,54.351437499999996,BBAS32023,10.578925785818079,59.57116252488791,4.489512060799206,0.1939291767457561,,
288,BBAS3,2024,54.2435,53.6449375,58.84,58.07,BBAS32024,10.42115852302713,60.57419383933163,4.655817069869999,0.19107869279452755,,
289,BBDC4,2010,6.5812343,5.570613,7.8909742,7.036386000000001,BBDC42010,,,0.19375174511516086,,,
290,BBDC4,2011,7.2020746,5.788692,7.334094599999999,6.8465405,BBDC42011,2.9516172635702733,14.050979216135563,0.2379699539317074,0.2100648800462788,,
291,BBDC4,2012,6.879829999999999,6.0788024,8.341422300000001,8.0974944,BBDC42012,2.9318086150522094,17.268139931196295,0.23654138311117437,0.16978137927615813,,
292,BBDC4,2013,8.3072268,6.7068768,8.9125758,7.517371400000001,BBDC42013,2.8106538818246682,15.932737444720738,0.2271628458673084,0.17640746868366738,,
293,BBDC4,2014,7.522515,6.6882665999999995,11.011140000000001,9.503406,BBDC42014,3.3691021787504214,18.83455082792326,0.35148819994723335,0.1788788174207766,,
294,BBDC4,2015,9.4634085,6.600522,10.5661324,6.6646375,BBDC42015,3.3335633582234263,17.080088671822157,0.48106182885373444,0.195172485475615,,
295,BBDC4,2016,6.506036000000001,5.8496568,12.869472000000002,11.21865,BBDC42016,2.853012126726425,17.745222784279964,0.5138391384310346,0.16077634873391586,,
296,BBDC4,2017,11.141280000000002,11.141280000000002,16.076947699999998,14.8848605,BBDC42017,2.36667096636057,18.05553905884502,0.5483189726534712,0.13107728097440483,,
297,BBDC4,2018,15.302603999999999,12.36852,19.2904644,19.2904644,BBDC42018,2.648237953837715,17.21309869940704,0.5712823265676585,0.15385015795726203,,
298,BBDC4,2019,20.3007751,19.3545312,24.025507599999997,22.9755636,BBDC42019,2.8249925903695887,17.152244776985626,1.2683242113466962,0.16470104217263037,,
299,BBDC4,2020,23.6177964,12.1897616,23.93658,19.662111999999997,BBDC42020,1.7998828213031637,15.496881641962826,0.5012086737420781,0.1161448388706408,,
300,BBDC4,2021,19.513264,15.5795398,22.581385799999996,15.725446,BBDC42021,2.494001952242594,15.187239243553838,0.8319189776439356,0.1642169397773307,,
301,BBDC4,2022,16.1469528,12.6942596,19.627480000000002,14.066366400000001,BBDC42022,2.4542860112991636,15.184406549972191,0.38564460142574253,0.1631060112245329,,
302,BBDC4,2023,13.621113200000002,12.0977919,17.0644608,17.0559984,BBDC42023,1.2355139036493497,15.681590502688831,1.6899922206963136,0.08024657432331474,,
303,BBDC4,2024,16.936516800000003,13.508722599999999,16.936516800000003,14.44,BBDC42024,1.3391375067303004,15.693615493832555,1.1135371379999999,0.08683556008712173,,
304,BBDC3,2010,5.41477,4.5108179999999996,6.20194,5.58718,BBDC32010,,,0.17793422159221792,,,
305,BBDC3,2011,5.71762,4.908676000000001,6.2236405,5.6907558,BBDC32011,2.9516172635702733,14.050979216135563,0.21945911450889682,0.2100648800462788,,
306,BBDC3,2012,5.715508,5.2206,8.2505304,8.000904,BBDC32012,2.9318086150522094,17.268139931196295,0.21810733183853856,0.16978137927615813,,
307,BBDC3,2013,8.1928332,7.5261312,9.6172112,8.343753,BBDC32013,2.8106538818246682,15.932737444720738,0.2086382684945227,0.17640746868366738,,
308,BBDC3,2014,8.3359551,7.389964,10.915177,9.426332799999999,BBDC32014,3.3691021787504214,18.83455082792326,0.32153682355244756,0.1788788174207766,,
309,BBDC3,2015,9.437071999999999,7.248725,10.500191999999998,7.248725,BBDC32015,3.3335633582234263,17.080088671822157,0.4365745742570731,0.195172485475615,,
310,BBDC3,2016,6.904832,6.241899999999999,12.173997,11.222688199999999,BBDC32016,2.853012126726425,17.745222784279964,0.46488222819903907,0.16077634873391586,,
311,BBDC3,2017,11.2766064,11.203821900000001,15.3334485,14.017593800000002,BBDC32017,2.36667096636057,18.05553905884502,0.49588483127011845,0.13107728097440483,,
312,BBDC3,2018,14.231836499999998,11.1204544,17.7071664,16.927469,BBDC32018,2.648237953837715,17.21309869940704,0.5165565505654358,0.15385015795726203,,
313,BBDC3,2019,17.878061,17.0457294,21.817461599999998,21.817461599999998,BBDC32019,2.8249925903695887,17.152244776985626,1.1461412460945115,0.16470104217263037,,
314,BBDC3,2020,22.1740992,10.8728032,22.3397986,17.5247256,BBDC32020,1.7998828213031637,15.496881641962826,0.452834684090909,0.1161448388706408,,
315,BBDC3,2021,17.271152400000002,13.156292699999998,19.1274993,13.220903100000001,BBDC32021,2.494001952242594,15.187239243553838,0.7538552988363185,0.1642169397773307,,
316,BBDC3,2022,13.600489199999998,11.373654599999998,16.040143999999998,12.425762999999998,BBDC32022,2.4542860112991636,15.184406549972191,0.34992652850334066,0.1631060112245329,,
317,BBDC3,2023,12.2171553,10.793601,15.2927232,15.2927232,BBDC32023,1.2355139036493497,15.681590502688831,1.535608070222513,0.08024657432331474,,
318,BBDC3,2024,15.193161199999999,12.285609000000001,15.193161199999999,12.8,BBDC32024,1.3391375067303004,15.693615493832555,1.0123064849999999,0.08683556008712173,,
319,ITUB3,2010,7.287435,6.17968,7.966672000000001,7.44186,ITUB32010,,,0.23757599999999998,,,
320,ITUB3,2011,7.5973765,5.741967,7.9770561,7.0610436000000005,ITUB32011,2.8910315086450566,15.360071766482838,0.32772861902998884,0.19820701936571486,,
321,ITUB3,2012,7.174138999999999,6.310407,8.425233,8.102330199999999,ITUB32012,2.462188925856761,18.41206636890125,0.3057526619627966,0.13372691997327912,,
322,ITUB3,2013,8.1862725,7.879406400000001,9.5751312,8.668656,ITUB32013,0.46897094886068696,16.169354598122922,0.30540264855687604,0.17842558425584257,,
323,ITUB3,2014,8.6379348,7.9054098,12.8519028,10.716171,ITUB32014,3.6374267673603597,17.14117927625007,0.3415664148606812,0.2149042772005696,,
324,ITUB3,2015,10.498945899999999,9.283534000000001,12.238476599999998,9.417581199999999,ITUB32015,4.448615003888943,18.34558531051382,0.6052484133441823,0.2459211740567855,,
325,ITUB3,2016,9.3427269,8.4034704,14.7386141,13.398900000000001,ITUB32016,3.386502635018391,20.59536268970742,0.7614773333333335,0.16805960240475049,,
326,ITUB3,2017,13.3566454,13.3566454,18.5458826,17.473196,ITUB32017,3.7264251324399886,21.93583587486417,0.7017201644998672,0.17069962628139548,,
327,ITUB3,2018,17.8416368,16.857917999999998,23.4805185,22.599861,ITUB32018,2.4244872189132445,14.78019223521504,1.592489650582363,0.16793529643150434,,
328,ITUB3,2019,24.0814875,21.8224563,26.430815900000002,26.243797500000003,ITUB32019,2.55932828342327,14.673604555628824,2.2783219231970033,0.18041595417830977,,
329,ITUB3,2020,26.492064000000003,17.579130000000003,26.6464656,24.0946524,ITUB32020,1.895934725501026,15.088327527109735,1.104268872180451,0.10538234816937969,,
330,ITUB3,2021,23.997254599999998,16.825792,25.9642755,17.027456,ITUB32021,2.9728272815500807,16.21377102620476,0.7974062608695652,0.18585573910745964,,
331,ITUB3,2022,17.2690032,17.0068356,23.265438,20.263973399999998,ITUB32022,2.937026060942653,17.71874826285032,0.9444663499314756,0.17266013113281947,,
332,ITUB3,2023,19.748664,18.429545,27.6984579,27.6984579,ITUB32023,3.276066680028376,19.65232016898992,1.2168497434119276,0.17121666649366288,,
333,ITUB3,2024,27.703409999999998,26.6430381,29.98,28.52,ITUB32024,3.376636490623599,20.302658011135097,2.361565,0.1701934187390103,,
334,ITUB4,2010,10.2787914,8.344232199999999,11.294624800000001,10.2825318,ITUB42010,,,0.2557469716009047,,,
335,ITUB4,2011,10.408375199999998,7.017465,10.556398499999998,9.082080000000001,ITUB42011,2.8910315086450566,15.360071766482838,0.35032397764048245,0.19820701936571486,,
336,ITUB4,2012,9.1519425,7.433295999999999,10.514189399999998,9.2562584,ITUB42012,2.462188925856761,18.41206636890125,0.32554453429170405,0.13372691997327912,,
337,ITUB4,2013,9.50268,8.370726,10.748672000000001,9.9933327,ITUB42013,0.46897094886068696,16.169354598122922,0.32516803827751195,0.17842558425584257,,
338,ITUB4,2014,9.895262399999998,9.3185064,14.6473266,12.367836,ITUB42014,3.6374267673603597,17.14117927625007,0.36258556069364156,0.2149042772005696,,
339,ITUB4,2015,12.271221200000001,10.5564375,14.254365000000002,10.752609,ITUB42015,4.448615003888943,18.34558531051382,0.6399973794151159,0.2459211740567855,,
340,ITUB4,2016,10.5802777,9.4164066,17.9961256,15.9144051,ITUB42016,3.386502635018391,20.59536268970742,0.8007775480059085,0.16805960240475049,,
341,ITUB4,2017,15.851052000000001,15.851052000000001,22.1280175,20.759712,ITUB42017,3.7264251324399886,21.93583587486417,0.7341952794739314,0.17069962628139548,,
342,ITUB4,2018,21.2914536,19.3787304,28.476955999999998,27.575380799999998,ITUB42018,2.4244872189132445,14.78019223521504,1.6523785352112677,0.16793529643150434,,
343,ITUB4,2019,28.748217,25.698304800000003,31.616417700000003,31.3252506,ITUB42019,2.55932828342327,14.673604555628824,2.337385315363882,0.18041595417830977,,
344,ITUB4,2020,31.7048504,18.4390764,31.8799232,27.9903441,ITUB42020,1.895934725501026,15.088327527109735,1.1284057160923173,0.10538234816937969,,
345,ITUB4,2021,27.709098199999996,19.0317479,30.171810800000003,19.1478496,ITUB42021,2.9728272815500807,16.21377102620476,0.8121193832935563,0.18585573910745964,,
346,ITUB4,2022,19.4922513,19.4922513,28.4128845,23.5386788,ITUB42022,2.937026060942653,17.71874826285032,0.95706996,0.17266013113281947,,
347,ITUB4,2023,22.674796100000002,21.884819,32.638376,32.638376,ITUB42023,3.276066680028376,19.65232016898992,1.2243987518398587,0.17121666649366288,,
348,ITUB4,2024,32.5760847,31.355322599999997,34.79,32.93,ITUB42024,3.376636490623599,20.302658011135097,2.361565,0.1701934187390103,,
349,BBSE3,2013,7.7703885,7.7703885,11.9976156,11.48658,BBSE32013,,3.1947895,0.19452709230661228,,,
350,BBSE3,2014,11.48658,10.5676536,17.594219999999996,16.004969999999997,BBSE32014,1.5602225,3.626364,0.5860635549692164,0.44397583916010636,,
351,BBSE3,2015,15.599099999999998,12.5946072,18.912347999999998,12.5946072,BBSE32015,2.1670635,4.1235985,0.8698279859145089,0.5255272791470847,,
352,BBSE3,2016,12.486033,11.0797386,18.080295999999997,15.629010600000003,BBSE32016,2.022945,4.490343,0.9203352154628975,0.45051012806816765,,
353,BBSE3,2017,15.7334973,15.0695091,17.9860056,16.729594499999997,BBSE32017,2.061426,4.9449205,0.960592376901369,0.41687748063897084,,
354,BBSE3,2018,16.8113447,14.499715199999999,19.006921499999997,18.2375499,BBSE32018,1.8652915,5.0677405,2.025645297278724,0.36807162876631117,,
355,BBSE3,2019,18.7345215,17.564778,26.324738999999997,26.228512799999997,BBSE32019,3.105344,5.2851205,1.0877470181045092,0.5875635191288449,,
356,BBSE3,2020,26.3865987,17.372943,26.934768,23.4056922,BBSE32020,2.049566,3.1786695,3.2054052493688827,0.6447873866723168,,
357,BBSE3,2021,23.0881431,15.33262,23.5838295,16.986929,BBSE32021,1.811602,3.89094,0.804323868022583,0.4655949462083712,,
358,BBSE3,2022,17.0434176,15.663481800000001,29.834592000000004,29.834592000000004,BBSE32022,2.732307,4.7304455,1.7083020273278702,0.5776003549771369,,
359,BBSE3,2023,29.348064,27.6400512,33.248976000000006,32.419756,BBSE32023,3.731956,5.3315965,3.35878323890834,0.6999696995074552,,
360,BBSE3,2024,32.7184224,32.178895999999995,34.7705496,33.5,BBSE32024,3.9736015,4.908241,2.86892526817,0.8095775044460938,,
361,PSSA3,2010,5.3084955,4.534714800000001,7.41342,7.361396000000001,PSSA32010,,,0.14049647689045935,,,
362,PSSA3,2011,7.538136499999999,4.6398788,7.66267,5.826189,PSSA32011,1.7340786590241788,14.337023336446487,0.34096978346478873,0.1209883486882455,,999.0
363,PSSA3,2012,5.9000421,4.5877848000000006,6.7501973,6.6906567,PSSA32012,1.9178239992115047,15.323594183614697,0.278969647879949,0.12481326993489171,,-999.0
364,PSSA3,2013,6.807437,6.6551160000000005,8.921102399999999,8.921102399999999,PSSA32013,2.2414373339354703,16.4802887782909,0.32752861533445377,0.13539248215358893,,999.0
365,PSSA3,2014,8.8532501,8.2750305,11.070433,10.039375,PSSA32014,4.741352271778232,18.516416996346965,0.9010954880592105,0.25447994964441717,,999.0
366,PSSA3,2015,9.9783356,8.8217996,13.969164,10.0030599,PSSA32015,3.047130621448655,19.94589737482717,0.5868795856130601,0.1530462974435861,,999.0
367,PSSA3,2016,9.891952199999999,7.9357833,10.8553423,9.4532172,PSSA32016,2.8027980809977326,21.602218421060773,0.4645755899330855,0.12916536246646904,,999.0
368,PSSA3,2017,9.44622,9.0753684,14.396825699999999,13.3455534,PSSA32017,3.5101007445258636,23.39025280473131,0.546373134026975,0.14963411997373677,,999.0
369,PSSA3,2018,13.323740999999998,13.323740999999998,23.75158,20.80671,PSSA32018,3.6909521703222774,23.64801897968716,1.5924660649108346,0.1559350858750132,,999.0
370,PSSA3,2019,20.7081,19.434058800000003,26.194864800000005,25.908760800000003,PSSA32019,4.315262006910141,24.872001558957354,0.8669291853363087,0.173227422053928,,999.0
371,PSSA3,2020,26.2153008,17.120543599999998,27.886965600000003,21.206435,PSSA32020,5.103608800685446,27.44984889867705,0.9129064768680185,0.18613736406882583,,999.0
372,PSSA3,2021,21.0529814,18.371806,26.5235475,19.045282,PSSA32021,2.194158240357818,14.026418759453499,2.3573436379235178,0.1564298446426764,,999.0
373,PSSA3,2022,19.3431466,16.4054043,23.715207,22.416652499999998,PSSA32022,1.719862477690516,15.472500177857238,1.0980185685468165,0.11153921582935021,,999.0
374,PSSA3,2023,22.464045,21.42141,28.7167848,28.7167848,PSSA32023,3.361093497230067,18.45572128069584,1.3956054561234377,0.181281132127807,0.09547226951398236,999.0
375,PSSA3,2024,28.4201238,25.8391731,31.89,31.08,PSSA32024,3.5047913193295246,19.32890288376179,1.80447637556,0.18522118856457753,0.09547226951398236,999.0
376,WIZC3,2023,6.649778400000001,5.06,7.38,7.25,WIZC32023,0.6081711775952767,5.919023750275488,0.44519223029,0.1975530774066424,0.22728936264439223,3.798871776853858
377,WIZC3,2024,7.25,6.21,7.61,7.19,WIZC32024,0.8854005785677728,7.226556449130316,0.44519223029,0.20414268518206025,0.21730852937168502,7.433575366411187
378,UGPA3,2010,4.700886,4.7006792,4.700886,4.7006792,UGPA32010,,,0.17900958466453676,,,
379,UGPA3,2011,7.139367900000001,7.139367900000001,12.122195999999999,11.781032399999999,UGPA32011,1.6043087350422403,10.109547746513842,0.3412308653545767,0.1596389263803458,0.09695970926928128,0.46517455089278514
380,UGPA3,2012,11.889914399999999,11.889914399999999,18.096744,17.216639699999998,UGPA32012,1.7108217854369105,10.846878386189736,0.37944264419961116,0.15874938419442808,0.10596868818575299,0.4447132056783391
381,UGPA3,2013,17.268709899999998,17.1608502,23.1758549,21.4901995,UGPA32013,2.1149501242869015,11.681546567728269,0.5034638069705094,0.18224123076206977,0.10970036628896815,0.5362510225295096
382,UGPA3,2014,21.4635036,19.2544972,22.8656946,20.519591300000002,UGPA32014,2.237546005509626,13.483981462312128,0.5561321671525752,0.16663294482573673,0.10606830379453915,0.49455134357486047
383,UGPA3,2015,20.124004600000003,19.387665000000002,29.483986500000004,24.911749800000003,UGPA32015,2.477888879723704,14.3388082843871,0.6057485525227461,0.17397112576718568,0.11592955993470147,0.44963106641002676
384,UGPA3,2016,24.013017,22.107222,32.2929035,28.453886999999998,UGPA32016,2.9121713867264796,15.143200629492437,0.6568298027757488,0.1936686022402268,0.13965378206922122,0.5438461977778606
385,UGPA3,2017,28.0350852,26.616629500000002,33.8805236,31.58925,UGPA32017,2.884236703683965,16.455237498399907,0.724464,0.17570260004119803,0.0971782729304881,0.4320807273399152
386,UGPA3,2018,32.4442657,15.971661999999998,35.0640675,23.098012,UGPA32018,1.948806737744185,17.188393975457046,0.6306541353383458,0.112316559159573,0.05653609391831849,0.21397998337951674
387,UGPA3,2019,23.935898,14.036760000000001,25.339573,22.910472000000002,UGPA32019,1.0313573763530017,9.05200821525186,0.4871860282574569,0.1157720307823746,0.04883077071679758,0.18763247262406949
388,UGPA3,2020,22.813056000000003,10.5199332,24.858792,21.8739276,UGPA32020,0.18010849436796428,8.813676821773985,0.21523167649536645,0.023254607063995198,0.029145521260743754,0.10197271752900386
389,UGPA3,2021,21.927737999999998,11.771268,22.618304799999997,13.816828,UGPA32021,0.8037887404637315,9.133620147427502,0.5951031636863824,0.09081479866901915,0.05001589238654367,0.1348572309263342
390,UGPA3,2022,13.872615999999999,11.3679368,14.728031999999999,12.4979696,UGPA32022,1.2181041888134532,10.196945392548393,0.562994179222839,0.12259924253556677,0.09945787134837943,0.3262152646809531
391,UGPA3,2023,12.0923168,11.8122232,26.2233239,26.2233239,UGPA32023,1.9399119175933905,11.87525527085874,0.3451150509241795,0.16915115589741722,0.12144782141492666,0.5453531795943608
392,UGPA3,2024,26.2824965,26.213461799999997,30.848648800000003,27.92,UGPA32024,2.1877400243248712,12.580406089246722,0.65,0.17945717929787583,0.12872087346295227,0.6471952598274447
393,ENAT3,2019,11.7046576,8.451592,12.95645,12.908610800000002,ENAT32019,0.8978058715216597,10.517563492189941,1.5207115091616248,0.08536253403065701,0.06055674039325132,999.0
394,ENAT3,2020,13.666064800000001,6.4503188,14.901910800000001,10.7053056,ENAT32020,1.3022235069476469,11.044935044106548,1.029871861043038,0.11790232371194419,0.09181219802158154,999.0
395,ENAT3,2021,11.0477312,10.5250816,17.3241848,12.2674944,ENAT32021,2.9793620297411008,13.044220954305157,0.1769610512880541,0.22840475028581778,0.18056701777205567,999.0
396,ENAT3,2022,12.632598400000001,11.7472212,24.0635476,13.4530826,ENAT32022,3.3557367518349457,14.982327114489369,1.6856362500856,0.22397967459872248,0.22431046907756813,999.0
397,ENAT3,2023,13.423472,10.58,20.64,20.43,ENAT32023,0.2601512552881198,14.583236654442818,0.14997428753,0.01783906148220286,0.03154454220448221,0.40122026835202396
398,ENAT3,2024,20.21,18.83,30.0,28.97,ENAT32024,-0.17077434463186725,14.587476574395236,0.14997428753,-0.011706914747107122,0.005203127959487932,0.014962107168505018
399,VIVT3,2011,18.44755,18.44755,20.83488,20.8218582,VIVT32011,3.1196088848456203,37.75016035863476,2.339640788078573,0.08279187801012039,0.075693905415017,2.4852019591541623
400,VIVT3,2012,20.7908022,17.2586785,22.728073600000002,20.1894345,VIVT32012,3.9456584121208027,39.39521074056372,1.187583443267938,0.10013240323324402,0.08956113793515635,4.888706248256202
401,VIVT3,2013,20.397573,19.394416000000003,23.74754,20.192,VIVT32013,3.6730700549572584,38.762435567811714,2.3743037415993222,0.09073530734688522,0.07976007986311819,10.12302640040471
402,VIVT3,2014,20.155863000000004,19.019889000000003,23.9051582,21.5158682,VIVT32014,4.3595018487884705,39.695180001457,1.4720989208231634,0.10982446354011889,0.09933796890003613,2.5964405348646533
403,VIVT3,2015,21.1340115,17.915339399999997,26.0369056,20.0449227,VIVT32015,2.1269325274913733,39.86031750725169,2.058936133889188,0.05335964840481829,0.05540565395122826,1.163129597581937
404,VIVT3,2016,19.318216399999997,17.17438,25.057560000000002,22.422763999999997,VIVT32016,2.3388527988125265,40.60574812904905,1.1833331032600107,0.057599056945815234,0.06546962755156216,1.98345833744585
405,VIVT3,2017,22.1840424,21.9853608,29.594127999999998,27.2515304,VIVT32017,2.546835720009344,41.10745039133996,1.8006693368660556,0.06195557485963375,0.06893478497546143,2.6819156353459794
406,VIVT3,2018,27.297518999999998,24.7471531,30.9745995,29.9531496,VIVT32018,5.2978205010689035,42.2602778853745,2.672337320860574,0.12536170527412413,0.09238244645073902,3.6667392008049746
407,VIVT3,2019,29.97456,28.8041248,38.1648861,37.5526152,VIVT32019,3.0830776145264447,41.75806526965053,2.54262959748617,0.07383190755169407,0.07085686288503666,0.7594236429631065
408,VIVT3,2020,37.29931919999999,34.5140916,46.7046096,38.203935,VIVT32020,2.8101911016360286,41.30568455663415,2.8055587707667096,0.06803400383748587,0.06330646150285024,1.544879257698539
409,VIVT3,2021,38.203935,34.9866,46.466890799999994,43.1974224,VIVT32021,2.8963231489339054,41.03842553304731,3.0530755854325355,0.07053164446350176,0.07196389166403024,1.8042010668506647
410,VIVT3,2022,43.0210704,34.289011,49.010211000000005,35.497273,VIVT32022,3.335360696768307,41.23314089478491,2.7972889819962705,0.08040448716843653,0.08012377755718551,0.4735242457996485
411,VIVT3,2023,35.063006800000004,34.321180999999996,53.1738886,52.88436,VIVT32023,2.7563288658283907,41.94994269474341,3.025831445131362,0.06574818761686003,0.07894898580073487,0.5779026369620212
412,VIVT3,2024,52.3359296,49.192248199999995,55.4404374,50.21,VIVT32024,3.043340448071412,42.13228271800244,2.9094055882099994,0.07238504943174605,0.08356163473570458,0.5506978361019413
413,TIMS3,2020,11.467433399999999,10.0604748,12.993869000000002,12.993869000000002,TIMS32020,0.7015056653908145,9.603926289628296,0.3863314395119454,0.0730436328055122,0.10319861929812722,999.0
414,TIMS3,2021,12.821193000000001,9.9185086,12.938707599999999,11.689692500000001,TIMS32021,1.2207913214473596,10.179169791809011,0.38477480318631174,0.11993034269157271,0.1237605833525951,999.0
415,TIMS3,2022,11.7074715,10.756911999999998,13.069710500000001,11.5432512,TIMS32022,0.8872485260030918,10.449279193550819,0.535064972575,0.08491002198033831,0.10815955543357213,3.604800381330037
416,TIMS3,2023,11.506253599999999,10.285332799999999,17.920781599999998,17.6837,TIMS32023,0.9472475355276515,10.564281038620287,0.8880470959509202,0.0896651208032765,0.12264995129249576,10.180966611996551
417,TIMS3,2024,17.53715,16.863020000000002,18.64116,17.75,TIMS32024,1.1720988289447085,10.746816232444733,1.10445680013,0.10906475030308342,0.14673192088625847,999.0
